Code,Offense,FMV,Class,Type,Attempted,Notes
'125.25,Murder in the Second Degree,F,A-I,Violent,F,
'110-125.25,Murder,F,A-I,Violent,T,
'130.35,Rape,F,B,Sex Offense,F,
'130.96,Predatory Sexual Assault Against a Child,F,A-II,Sex Offense,F,
'110-130.35,Rape,F,C,Sex Offense,T,
'105.10,Conspiracy in the 4th Degree,F,E,Misc,F,
'130.75,Course of Sexual Conduct Against a Child,F,B,Sex Offense,F,
'130.45,Criminal Sexual Act in the 2nd Degree,F,D,Sex Offense,F,
'VTL 1192.2,DWI,M,NA,Vehicle,F,
'220.77,Operating as a major trafficker,F,A-I,Narcotics,F,
'130.65,Sexual abuse (First Degree),F,D,Sex Offense,F,
'130.95,Predatory Sexual Assault,F,A-II,Sex Offense,F,
'220.21,Criminal Possession of a Controlled Substance in the First Degree,F,A-I,Narcotics,F,
'145.10,Criminal Mischief in the Second Degree,F,D,Property,F,
'120,Assault in the Third Degree,M,A,Violent,F,
'130.50,Criminal Sexual Act in the First Degree,F,B,Sex Offense,F,
'130.53,Persistent Sexual Abuse,F,E,Sex Offense,F,
'110-120.10,Assault in the First Degree,F,C,Violent,T,
'230.34,Sex Trafficking,F,B,Sex Offense,F,
'CO,NA,NA,NA,Misc,F,
'120.10,Assault in the First Degree,F,B,Violent,F,
'160.10,Robbery in the Second Degree,F,C,Violent,F,
'125.27,Murder in the First Degree,F,A-I,Violent,F,
'160.15,Robbery in the First Degree,F,B,Violent,F,
'220.43,Criminal Sale of a Controlled substance in the First Degree,F,A-I,Narcotics,F,
'265.13,Criminal Sale of a Firearm in the First Degree,F,B,Weapons,F,
'150.15,Arson in the Second Degree,F,B,Property,F,
'490.25,Crime of Terrorism,F,NA,Misc,F,
'140.30,Burglary in the First Degree,F,B,Property,F,
'125.14,Aggravated Vehicular Homicide,F,B,Violent,F,
'120.05,Assault in the Second Degree,F,D,Violent,F,
'140.25,Burglary in the Second Degree,F,C,Property,F,
'VOP,NA,NA,NA,Misc,F,
'150.20,Arson in the First Degree,F,A-I,Property,F,
'220.41,Criminal Sale of a Controlled Substance in the Second Degree,F,A-II,Narcotics,F,
'265.12,Criminal Sale of a Firearm in the Second Degree,F,C,Weapons,F,
'1192(2),Driving while intoxicated; per se,NA,NA,Vehicle,F,
'215.52,Aggravated Criminal Contempt,F,D,Misc,F,
'135.20,Kindapping in the Second Degree,F,B,Misc,F,
'220.39,Criminal Sale of a Controlled Substance in the Third Degree,F,B,Narcotics,F,
'110-125.27,Murder in the First Degree,F,A-I,Violent,T,
'140.20,Burglary in the Third Degree,F,D,Property,F,
'110-160.15,Robbery in the First Degree,F,C,Violent,T,
'265.03,Criminal Possession of a Weapon in the Second Degree,F,C,Weapons,F,
'220.16,Criminal Possession of a Controlled Substance in the Third Degree,F,B,Narcotics,F,
'155.35,Grand Larceny in the Third Degree,F,D,Property,F,
'121.12,Strangulation in the Second Degree,F,D,Violent,F,
'110-120.05,Assault in the Second Degree,F,E,Violent,T,
'135.25,Kidnapping in the First Degree,F,A-I,Violent,F,
'230.33,Compelling Prostitution,F,B,Sex Offense,F,
'105.13,Conspiracy in the Third Degree,F,D,Misc,F,
'130.80,Course of Sexual Conduct Against a Child in the Second Degree,F,D,Sex Offense,F,
'263.30,Facilitating a Sexual Performance by a Child with a Controlled Substance or Alcohol,F,B,Sex Offense,F,
'120.10H,Assault in the First Degree,F,B,Violent,F,
'110-265.03,Criminal Possession of a Weapon in the Second Degree,F,D,Weapons,T,
'165.15,Theft of Services,F,E,Property,F,
'105.15,Conspiracy in the Second Degree,F,A-I,Misc,F,
'125.20,Manslaughter in the First Degree,F,B,Violent,F,
'265.02,Criminal possession of a weapon in the third degree,F,D,Weapons,F,
'160.05,Robbery in the third degree,F,D,Violent,F,
'155.30,Grand larceny in the fourth degree,F,E,Property,F,
'120.25,Reckless endangerment in the first degree,F,D,Misc,F,
'130.70,Aggravated sexual abuse in the first degree,F,B,Sex Offense,F,
'220.18,Criminal possession of a controlled substance in the second degree,F,A-II,Narcotics,F,
'110-135.20,Kidnapping in the second degree,F,C,Misc,T,
'265.01,Criminal possession of a weapon in the fourth degree,M,A,Weapons,F,
'110-155.35,Grand Larceny in the Third Degree,F,E,Property,T,
'240.75,Aggravated family offense,F,E,Misc,F,
'263.05,Use of  child in a sexual performance,F,C,Sex Offense,F,
'120.18,Menacing a police officer or peace officer,F,D,Misc,F,
'165.45,Criminal possession of stolen property in the fourth degree,F,E,Property,F,
'0,NA,NA,NA,Misc,F,
'155.40,Grand larceny in the second degree,F,C,Property,F,
'130.30,Rape in the second degree,F,D,Sex Offense,F,
'215.51,Criminal contempt in the first degree,F,E,Misc,F,
'125.15,Manslaughter in the Second Degree,F,C,Violent,F,
'511-D,Aggravated failure to answer appearance tickets or pay fines imposed,M,NA,Vehicle,F,
'130.25,Rape in the third degree,F,E,Sex Offense,F,
'220.03,Criminal possession of a controlled substance in the seventh degree.,M,A,Narcotics,F,
'265.04,Criminal possession of a dangerous weapon in the first degree,F,B,Weapons,F,
'110-140.25,Burglary in the second degree,F,D,Property,T,
'155.25,Petit larceny,M,A,Property,F,
'110-160.10,Robbery in the second degree,F,D,Violent,T,
'110-140.20,Burglary in the third degree,F,E,Property,T,
'120.03,Vehicular Assault in the second degree,F,E,Violent,F,
'168-T,Failure to register or verify as a sex offender,F,E,Sex Offense,F,
'220.06,Criminal possession of a controlled substance in the fifth degree.,F,D,Narcotics,F,
'130.60,Sexual abuse in the second degree,M,A,Sex Offense,F,
'AC 000.00,Place Holder,NA,NA,Misc,F,
'110-130.65,Sexual abuse in the first degree,F,E,Sex Offense,T,
'150.10,Arson in the third degree,F,C,Property,F,
'130.52,Forcible touching,M,A,Sex Offense,F,
'215.50,Criminal contempt in the second degree,M,A,Misc,F,
'120.07,Gang assault in the first degree,F,B,Violent,F,
'110-130.30,Rape in the second degree,F,E,Sex Offense,T,
'265.11,Criminal sale of a firearm in the third degree,F,D,Weapons,F,
'120.04,Vehicular Assault in the first degree,F,D,Violent,F,
'120.08,"Assault on a peace officer, police officer, fireman, or EMS professional ",F,C,Violent,F,
'110-150.05,Arson in the fourth degree,M,A,Property,T,
'240.31,Aggravated harassment in the first degree,F,E,Misc,F,
'205.30,Resisting arrest,M,A,Misc,F,
'110-120.07,Gang assault in the first degree,F,C,Violent,T,
'FOA 900.00,Fugitive warrant status,NA,NA,Misc,F,
'110-160.05,Robbery in the third degree,F,E,Violent,T,
'265.01B,Criminal possession of a firearm,F,E,Weapons,F,
'110-121.12,Strangulation in the second degree,F,E,Violent,T,
'260.10,Endangering the welfare of a child,M,A,Misc,F,
'263.15SM,Promotoing a sexual performance by a child,F,D,Sex Offense,F,
'110-220.39,Criminal sale of a controlled substance in the fourth degree,F,C,Narcotics,T,
'260,Abandonment of a child,F,E,Misc,F,
'VTL 1192.1,Driving while abilty impaired,M,NA,Vehicle,F,
'165.50,Criminal possession of stolen property in the third degree,F,D,Property,F,
'145,Criminal mischief in the fourth degree,M,A,Misc,F,
'125.10,Criminally negligent homicide,F,E,Violent,F,
'135.10,Unlawful imprisonment in the first degree,F,E,Misc,F,
'511(3)(A),Aggravated Unlicensed Operation in the first degree,M,NA,Vehicle,F,
'110-265.01,Criminal possession of a weapon in the fourth degree,M,B,Weapons,T,
'120.14,Menacing in the second degree,M,A,Misc,F,
'170.10,Forgery in the second degree,F,D,Misc,F,
'110-220.16,Criminal possession of a controlled substance in the third degree,F,C,Narcotics,T,
'110-130.50,Criminal sexual act in the first degree,F,C,Sex Offense,T,
'1192(3),Driving while intoxicated,NA,NA,Vehicle,F,
'125.12,Vehicular manslaughter in the second degree,F,D,Violent,F,
'130.67,Aggravated sexual abuse in the second degree,F,C,Sex Offense,F,
'110-120.10H,Assault in the first degree,F,C,Violent,T,
'AC 999.99,NA,NA,NA,Misc,F,
'600(2)(A),Leaving scene of an incident without reporting-personal injury,M,B,Vehicle,F,
'VTL 1192.3,Driving while intoxicated.,NA,NA,Vehicle,F,
'VTL 600F,Leaving scene of an incident without reporting,M,B,Vehicle,F,
'C-COM,NA,NA,NA,Misc,F,
'195.05,Issuing a bad check,M,B,Misc,F,
'140.15,Criminal trespass in the second egree,M,A,Misc,F,
'220.09,Criminal possession of a controlled substance in the fourth degree,F,C,Narcotics,F,
'215.56,Bail jumping in the second degree,F,E,Misc,F,
'220.31,Criminal sale of a controlled substance in the fifth degree,F,D,Narcotics,F,
'168-T(2),Sex offender registry violations,F,E,Misc,F,
'170.40,Criminal possession of a forged instrument in the first degree,F,C,Misc,F,
'165.40,Criminal possession of stolen property in the fifth degree,M,A,Property,F,
'511(2)(A),Aggravated Unlicensed Operation in the second degree,M,NA,Vehicle,F,
'145.05,Criminal mischief in the third degree,F,E,Misc,F,
'165.52,Criminal possession of stolen property in the second degree,F,C,Property,F,
'1192(2)-A(B),"Operating a motor vehicle after having consumed alcohol, under the age of 21, per se",M,NA,Vehicle,F,
'215.15,Intimidating a victim or witness in the third degree,F,E,Misc,F,
'125.21,Aggravated manslaughter in the second degree,F,C,Violent,F,
'511(1)(A),Aggravated Unlicensed Operation in the third degree,M,NA,Vehicle,F,
'190.23,False personation,M,B,Misc,F,
'VOPB,NA,NA,NA,Misc,F,
'460.20,Enterprise corruption,F,B,Misc,F,
'170.25,Criminal possession of a forged instrument in the second degree,F,D,Misc,F,
'150.01,Arson in the fifth degree,M,A,Misc,F,
'110-170.25,Criminal possession of a forged instrument in the second degree,F,E,Misc,T,
'263.15,Promotoing a sexual performance by a child,F,D,Sex Offense,F,
'600(2),Leaving scene of an incident without reporting-personal injury,M,B,Vehicle,F,
'240.30,Aggravated harassment in the second degree,M,A,Misc,F,
'1192(2)-A,Aggravated driving while intoxicated.,NA,NA,Vehicle,F,
'158.05,Welfare fraud in the fifth degree,M,A,Misc,F,
'110-265.02,Criminal possession of a weapon in the third degree,F,D,Weapons,T,
'CIVIL,NA,NA,NA,Misc,F,
'120.60,Stalking in the first degree,F,D,Misc,F,
'120.06,Gang assault in the second degree,F,C,Violent,F,
'AC 666.66,NA,NA,NA,Misc,F,
'170.20,Criminal possession of a forged instrument in the third degree,M,A,Misc,F,
'220.50,Criminally using drug paraphernalia in the second degree,M,B,Narcotics,F,
'105.17,Conspiracy in the first degree,F,A-I,Misc,F,
'VTL 511,NA,NA,NA,Vehicle,F,
'165.05,Unauthorized use of a vehicle in the third degree,M,A,Vehicle,F,
'165.54,Criminal possession of stolen property in the first degree,F,B,Property,F,
'240.20,Disordely Conduct,V,NA,Misc,F,
'110-125.26,Aggravated murder,F,B,Violent,T,
'105.05,Conspiracy in the fifth degree,M,A,Misc,F,
'265.09,Criminal use of a firearm in the second degree,F,B,Weapons,F,
'110-150.15,Arson in the second degree,F,C,Misc,T,
'110-125.25H,Murder in the second degree,F,A-II,Violent,T,
'VTL 999.99,NA,NA,NA,Vehicle,F,
'125.25H,Murder in the second degree,F,A-I,Violent,F,
'110-120.11,Aggravated assault on a police officer or a peace officer,F,C,Violent,T,
'240.32,Aggravated harassment of an employee by an inmate,F,E,Misc,F,
'215.17,Intimidating a victim or witness in the first degree,F,B,Misc,F,
'170.15,Forgery in the first degree,F,C,Misc,F,
'490.20,Making a terroristic threat,F,D,Misc,F,
'145.20,Criminal tampering in the first degree,F,D,Misc,F,
'135.65,Coercion in the first degree,F,D,Misc,F,
'215.30,Misconduct by a juror in the first degree,M,A,Misc,F,
'VTL 000.00,NA,NA,NA,Vehicle,F,
'110-155.30,Grand Larceny in the fourth degree,M,A,Property,T,
'140.10,Criminal trespass in the third degree,M,B,Misc,F,
'155.42,Grand larceny in the first degree,F,B,Property,F,
'110-220.06,Criminal possession of a controlled substance in the fifth degree,F,E,Narcotics,T,
'121.11,Criminal obstruction of breathing or blood circulation,M,A,Violent,F,
'120.01,Reckless assault of a child by a child day care provider,F,E,Violent,F,
'VTL 600E,Leaving  scene  of  an  incident without reporting.,NA,NA,Vehicle,F,
'190.79,Identity theft in the second degree,F,E,Misc,F,
'120.50H,Stalking in the third degree,M,A,Misc,F,
'265.30,NA,NA,NA,Misc,F,
'175.35,Offering a false instrument for filing in the first degree,F,E,Misc,F,
'165.06,Unauthorized use of a vehicle in the second degree,F,E,Vehicle,F,
'120.15,Menacing in the third degree,M,B,Misc,F,
'120.11,Aggravated assuult upon a police officer or a peace officer,F,B,Violent,F,
'165.10,Auto stripping in the second degree,F,E,Vehicle,F,
'110-115.05,Criminal facilitation in the second degree,F,C,Misc,T,
'110-130.25,Rape in the third degree,F,E,Sex Offense,T,
'215.40,Tampering with physical evidence,F,E,Misc,F,
'110-220.41,Criminal sale of a controlled substance in the second degree,F,A-II,Narcotics,T,
'190.80,Identity theft in the first degree,F,D,Misc,F,
'VTL 1110,Obedience to and Required Traffic-Control Devices,NA,NA,Vehicle,F,
'OJCW,NA,NA,NA,Misc,F,
'170.30,Criminal possession of a forged instrument in the first degree,F,C,Misc,F,
'240.55,Falsely reporting an incident in the second degree,F,E,Misc,F,
'190.81,Unlawful possession of personal identification information in the third degree,M,A,Misc,F,
'120.13,Menancing in the first degree,F,E,Misc,F,
'221.40,Criminal sale of marihuana in the fourth degree,M,A,Narcotics,F,
'215.57,Bail jumping in the first degree,F,D,Misc,F,
'240.26,Harassment in the second degree,V,NA,Misc,F,
'110-120.00,Assault in the third degree,M,B,Violent,T,
'110-125.21,Aggravated manslaughter in the second degree,F,D,Violent,T,
'1192.3,Driving while in an intoxicated condition,M,NA,Vehicle,F,
'VTL 340,Surrender of license and evidences of registration,M,NA,Vehicle,F,
'120.20,Reckless endangerment in the second degree,M,A,Misc,F,
'263.10,Promoting an obscene sexual performance by a child,F,D,Sex Offense,F,
'110-120.03,Vehicular assault in the second degree,M,A,Vehicle,T,
'AC 888.88,NA,NA,NA,Misc,F,
'110-265.11,Criminal sale of a firearm in the third degree,F,E,Weapons,T,
'195.20,Defrauding the government,F,E,Misc,F,
'VTL 509,Driving without a license,NA,NA,Vehicle,F,
'VTL 511(3),Aggravared Unlicensed Operation in the First Degree,F,E,Vehicle,F,
'130.20,Sexual Misconduct,M,A,Sex Offense,F,
'265.10,"Manufacture, transport, disposition and defacement of weapons and dangerous instruments and appliances",NA,NA,Weapons,F,
'120.02,Reckless assault of a child,F,D,Violent,F,
'220.44,Criminal sale of a controlled substance in or near school grounds,F,B,Narcotics,F,
'CCW,NA,NA,NA,Misc,F,
'121.13,Strangulation in the first degree,F,C,Violent,F,
'511-A(3),Facilitating aggravated unlicensed operation,,,,,
"'  of a motor vehicle in the second degree """,M,NA,Misc,F,,
'110-10-131(I6),Unlawful possession of ammunition feeding device designed for use in a firearm,NA,NA,Misc,T,
'120.55,Stalking in the second degree,F,E,Misc,F,
'140.35,Possession of burglar's tools,M,A,Misc,F,
'110-130.20,Sexual misconduct,M,NA,Sex Offense,T,
'190.25,Criminal impersonation in the second degree,M,A,Misc,F,
'10-131(B),Air pistols and air rifles; selling or possessing.,NA,NA,Misc,F,
'245,Public lewdness,M,B,Misc,F,
'190.05,Issuing a bad check,M,B,Misc,F,
'1192.4,Driving while ability impaired by drugs,M,NA,Vehicle,F,
'140.05,Trespass,V,NA,Misc,F,
'110-220.21,Criminal possession of a controlled substance in the first degree,F,A-I,Narcotics,T,
'130.55,Sexual abuse in the third degree,M,B,Sex Offense,F,
'110-140.30,Burglary in the first degree,F,B,Property,T,
'215.12,Tampering with a witness in the second degree,F,D,Misc,F,
'110-215.40,Tampering with physical evidence,M,A,Misc,T,
'10-131(I)(3),Unlawul to possess amunition for a weapon you are not authorized to possess,M,NA,Weapons,F,
'263.16,Possessing a sexual performance by a child,F,E,Sex Offense,F,
'215.55,Bail jumping in the third degree,M,A,Misc,F,
'1192(4)-A,Driving while ability impaired by the combined influence of drugs,,,,,
"'or of alcohol and any drug or drugs""",NA,NA,Vehicle,F,,
'200.03,Bribery in the second degree,F,C,Misc,F,
'130.40,Criminal sexual act in the third degree,F,E,Sex Offense,F,
'135.05,Unlawful imprisonment in the second degree,M,A,Misc,F,
'509(1),"	Unlicensed operator of a motor vehicle",V,NA,Vehicle,F,
'110-150.10,Arson in the third degree,F,D,Misc,T,
'265.08,Criminal use of a firearm in the second degree,F,C,Weapons,F,
'125.26,Aggravated Murder,F,A-I,Violent,F,
'205.25,Promoting prison contraband in the first degree,F,D,Misc,F,
'VTL 666.66,NA,NA,NA,Vehicle,F,
'110-120.08,"Assault on a peace officer, police officer, fireman or EMS professional",F,D,Violent,T,
'230.30,Promoting prostitution in the second degree,F,C,Sex Offense,F,
'110-130.75,Course of sexual conduct against a child in the first degree,F,C,Sex Offense,T,
'221.25,Criminal possession of marihuana in the third degree,F,D,Narcotics,F,
'AC 777.77,NA,NA,NA,Misc,F,
'SCW,NA,NA,NA,Misc,F,
'110-130.45,Criminal sexual act in the second degree,F,E,Sex Offense,T,
'140.30SM,Burglary in the first degree,F,B,Property,F,
'110-250.45,Unlawful surveillance in the second degree,M,A,Misc,T,
'10-131(J)(3),Unlawful to possess a deceptively colored firearm,M,NA,Weapons,F,
'135.50,Custodial interference in the first degree,F,E,Misc,F,
'165.08,Unauthorized use of a vehicle in the first degree,F,D,Vehicle,F,
'175.25,Tampering with public recrods in the first degree,F,D,Misc,F,
'VTL 1192.4,Driving while ability impaired with drugs,NA,NA,Vehicle,F,
'FCW,NA,NA,NA,Misc,F,
'120.50,Stalking in the third degree,M,A,Misc,F,
'270.25,Unlawful fleeing a police officer in a motor vehicle in the third degree,M,A,Vehicle,F,
'1192.2A,Aggraved driving while intoxicated,NA,NA,Vehicle,F,
'205.10,Escape in the second degree,F,E,Misc,F,
'110-130.65A,Aggravated sexual abuse in the fourth degree,M,A,Sex Offense,T,
'VTL 1192F,NA,NA,NA,Vehicle,F,
'1192(4),Driving while ability impaired with drugs,NA,NA,Vehicle,F,
'110-120.06,Gang assault in the second degree,F,C,Violent,T,
'VTL 319I,Need for automobile insurance,NA,NA,Vehicle,F,
'110-220.43,Criminal sale of a controlled substance in the first degree,F,A-I,Narcotics,T,
'490.50,Criminal use of a chemical weapon or biological weapon in second degree,F,A-II,Weapons,F,
'255.25,Incest in the thrid degree,F,E,Sex Offense,F,
'150.05,Arson in the fourth degree,F,E,Misc,F,
'490.40,Criminal possession of a chemical weapon or biological weapon in the second degree,F,B,Weapons,F,
'235.05,Obscenity in the third degree,M,A,Sex Offense,F,
'190.78,Identity theft in the third degree,M,A,Misc,F,
'VTL 1190,NA,NA,NA,Vehicle,F,
'110-150.01,Arson in the fifth degree,M,B,Misc,T,
'110-165.50,Criminal possession of stolen propety in the third degree,F,E,Property,T,
'165.25,Jostling,M,A,Misc,F,
'110-125.20,Manslaughter in the first degree,F,C,Violent,T,
'145.40,Tampering with a consumer product in the second degree,M,A,Misc,F,
'511(3)(I),Aggravated unlicensed operation of a motor vehicle in the first degree,F,E,Vehicle,F,
'ROW,NA,NA,NA,Misc,F,
'265.16,Criminal sale of a firearm to a minor,F,C,Weapons,F,
'110-220.09,Criminal possession of a controlled substance in the fourth degree,F,D,Narcotics,T,
'230.32,Promoting prostitution in the first degree,F,B,Sex Offense,F,
'221.30,Criminal possession of marihuana in the first degree,F,C,Narcotics,F,
'220.65,Criminal sale of a prescription for a controlled substance or of a controlled substance by a practitioner or pharmacist,F,C,Narcotics,F,
'110-190.80,Identity theft in the first degree,F,D,Misc,T,
'110-170.10,Forgery in the second degree,F,E,Misc,T,
'130.90,Facilitating a Sex Offense with a controlled substance,F,D,Sex Offense,F,
'220.34,Criminal sale of a controlled substance in the fourth degree,F,C,Narcotics,F,
'221.10,Criminal possession of marihuana in the fifth degree.,M,B,Narcotics,F,
'110-120.02,Reckless assault of a child,F,E,Violent,T,
'240.50,Falsely reporting an incident in the third degree,M,A,Misc,F,
'215.20,Bribe receiving by a juror,F,D,Misc,F,
'240.61,Placing a false bomb or hazardous substance in the second degree,F,E,Misc,F,
'VTL 1192A,NA,NA,NA,Vehicle,F,
'265.19,Aggravated criminal possssion of a weapon,F,C,Weapons,F,
'110-215.17,Intimidating a victim or witness in the first degree,F,C,Misc,T,
'511-A(4), facilitating aggravated unlicensed  operation,,,,,
"'  of  a motor vehicle in the first degree """,F,E,Vehicle,F,,
'VTL 402,Need a proper license plate,NA,NA,Vehicle,F,
'VTL 777.77,NA,NA,NA,Vehicle,F,
'140.20SM,Burgraly in the third degree,F,D,Property,F,
'205.20,Promoting prison contraband in the second degree,M,A,Misc,F,
'205.55,Hindering prosecution in the third degree,M,A,Misc,F,
'250.45,Unlawful sureveillance in the second degree,F,E,Misc,F,
'165.09,Auto stripping in the third degree,M,A,Vehicle,F,
'353-A(1),Aggravated cruelty to animals,F,NA,Misc,F,
'200,Bribery in the third degree,F,D,Misc,F,
'230.25,Promoting prostiution in the third degree,F,D,Sex Offense,F,
'135.55,Substitution of children,F,E,Misc,F,
'165.16,Unauthorized sale of certain transportation services,M,B,Misc,F,
'120.12,Aggravated assault upon a police officer,F,E,Violent,F,
'10-131(G)(1),"Unlawful Sale, Possession, or Use of an Imitation Pistol",M,NA,Weapons,F,
'10-131(I)(2),Unlawful dealing of firearms and ammunition,M,NA,Weapons,F,
'110-265.13,Criminal sale of a firearm in the first degree,F,C,Weapons,T,
'205.05,Escape in the third degree,M,A,Misc,F,
'512,VTL: driving on a suspended registaion,M,NA,Vehicle,F,
'110-240.30,Aggravated harassment in the second degree,M,B,Misc,T,
'220.45,Criminally possessing a hypodermic instrument,M,A,Misc,F,
'240.21,"Disurption or disturbance of a religious service, funeral, burial or memorial service",M,A,Misc,F,
'215.11,Tampering with a witness in the third degree,F,E,Misc,F,
'265.25,Certain wounds to be reported,M,A,Misc,F,
'115,Criminal facilitation in the fourth degree,M,A,Misc,F,
'170.65,Forgery of a vehicle identification number,F,E,Vehicle,F,
'VTL 600A,Leaving the scene of an incident without reporting,M,B,Vehicle,F,Depends on severity of accident
'10-125,Consumption of alcohol on streets prohibited,NA,NA,Misc,F,
'110-160.15H,Robbery in the first degree,F,C,Violent,T,
'260.25,Endangering the welfare of an incompetent or physically disabled person first degree,F,E,Misc,F,
'270,Unlawfully dealing with fireworks and dangerous fireworks,M,B,Misc,F,
'240.30H,Aggravated harassment in the second degree,M,A,Misc,F,
'110-220.05,NA,NA,NA,Misc,T,
'110-145.00,Criminal Mischief in the fourth degree,M,B,Misc,T,
'140.17,Criminal trespass in the first degree,F,D,Misc,F,
'110-155.25,Petit larceny,M,B,Property,T,
'110-215.50,Criminal contempt in the second degree,M,A,Misc,T,
'110-230.34,Sex Trafficking,F,C,Sex Offense,T,
'215.05,Bribe receiving by a witness,F,D,Misc,F,
'145.60,Making grafffiti,M,A,Misc,F,
'VTL 1192.2A,Aggraved driving while intoxicated,NA,NA,Vehicle,F,
'221.05,Unlawful possession of marihuana,V,V,Narcotics,F,
'210.15,Perjury in the first degree,F,E,Misc,F,
'VTL 1193,NA,NA,NA,Vehicle,F,
'110-235.22,Disseminating indecent material to minors in the first degree,F,D,Sex Offense,T,
'263.11,Possessing an obscene sexual performance by a child,F,E,Sex Offense,F,
'110-120.25,Reckless endangerment in the first degree,F,E,Misc,T,
'120.00H,Assault in the third degree,M,A,Violent,F,
'110-120.60,Stalking in the first degree,F,E,Misc,T,
'490.10,Soliciting or providing support for an act of terrorism in the second degree. ,F,D,Misc,F,
'195,Official misconduct.,M,A,Misc,F,
'190.26,Criminal impersonation in the first degree.,F,E,Misc,F,
'135.45,Custodial interference in the second degree,M,A,Misc,F,
'110-263.05,Use of a child in a sexual performance,F,D,Sex Offense,T,
'215.10,Tampering with a witness in the fourth degree,M,A,Misc,F,
'319(2),NA,NA,NA,Vehicle,F,
'VTL 426,making false statement; stolen vehicles,F,E,Vehicle,F,
'221.20,Criminal possession of marihuana in the third degree,F,E,Narcotics,F,
'265.10B,Criminal possession of a firearm,F,E,Weapons,F,
'240.63,"Placing a false bomb or hazardous substance in a sports stadium or arena, mass transportation facility or enclosed shopping mall",F,D,Misc,F,
'140.20H,Burglary in the third degree,F,D,Property,F,
'145.10H,Criminal mischief in the second degree,F,D,Misc,F,
'1180(B),Speeding,NA,NA,Vehicle,F,
'509(6),Allowing another to use license,NA,NA,Vehicle,F,
'205.15,Escape in the first degree,F,D,Misc,F,
'240.62,Placing  a  false bomb or hazardous substance in the first degree,F,D,Misc,F,
'110-120.05H,Assault in the second degree,F,E,Violent,T,
'221.15,Criminal possession of marihuana in the fourth degree,M,A,Narcotics,F,
'240.46,Criminal nuisance in the first degree,F,E,Misc,F,
'120.16,Hazing in the first degree,M,A,Misc,F,
'230.04,Patronizing a person for prostitution in the third degree,M,A,Misc,F,
'10-133(B),possession of knife in public place that is 4 inches or more,V,NA,Misc,F,
'170.05,Forgery in the third degree,M,A,Misc,F,
'240.25,Harassment in the first degree,M,B,Misc,F,
'230.05,Patronizing a person for prostitution in the second degree,F,E,Misc,F,
'110-125.22,Aggravated manslaughter in the first degree,F,C,Violent,T,
'215.13,Tampering with a witness in the first degree,F,B,Misc,F,
'205.65,Hindering prosecution in the first degree,F,D,Misc,F,
'120.45,Stalking in the fourth degree,M,B,Misc,F,
'205.17,Absconding from temporary release,F,E,Misc,F,
'20-453,NA,NA,NA,Misc,F,
'100.10,Criminal solicitation in the second degree,F,D,Misc,F,
'110-130.40,Criminal sexual act in the third degree,M,A,Sex Offense,T,
'265.05,Unlawful possession of weapons by persons under sixteen,NA,NA,Weapons,F,Juvenile delinquent
'VTL 1193-2B1A,NA,NA,NA,Vehicle,F,
'VTL 1192.3A,Driving while intoxicated,NA,NA,Vehicle,F,
'110-155.40,Grand larceny in the second degree,F,D,Property,T,
'175.30,Offering a false instrument for filing in the second degree,M,A,Misc,F,
'400,NA,NA,NA,Misc,F,
'215,NA,NA,NA,Misc,F,
'509(1)-A,NA,NA,NA,Misc,F,
'165.71,Trademark counterfeiting in the third degree,M,A,Misc,F,
'240.60,Falsely reporting an incident in the first degree,F,D,Misc,F,
'470.10,Money laundering in the third degree,F,D,Misc,F,
'110-121.11,Criminal obstruction of breathing or blood circulation,M,B,Violent,T,
'110-120.00H,Assault in the third degree,M,B,Violent,T,
'110-105.10,Conspiracy in the fourth degree,M,A,Misc,T,
'470.05,Money laundering in the fourth degree,F,E,Misc,F,
'230.20,Promoting prostitution in the fourth degree,M,A,Misc,F,
'175.10,Falsifying business records in the first degree,F,E,Misc,F,
'176.10,Insurance fraud in the fifth degree,M,A,Misc,F,
'145.15,Criminal tampering in the second degree,M,A,Misc,F,
'VTL 1180,Speeding,NA,NA,Vehicle,F,
'155.35H,Grand larceny in the third degree,F,D,Property,F,
'110-165.45,Criminal possession of stolen property in the fourth degree ,M,A,Property,T,
'225.05,  Promoting gambling in the second degree.,M,A,Misc,F,
'215.60,Criminal contempt of the legislature,M,A,Misc,F,
'10-131(H),Carying or possessing a loaded rifle or shotgun,M,NA,Weapons,F,
'VTL 1163,Turning Movements and Required Signals,NA,NA,Vehicle,F,
'156.10,Computer tresspass,F,E,Misc,F,
'165.11,Auto stripping in the first degree,F,D,Misc,F,
'125.13,Vehicular manslaughter in the first degree,F,C,Violent,F,
'110-205.55,Hindering prosecution in the third degree,M,B,Misc,T,
'110-215.52,Aggravated criminal contempt,F,E,Misc,T,
'120.05H,Assault in the second degree,F,D,Violent,F,
'190.65,Scheme to defraud in the first degree,F,E,Misc,F,
'120.7,Luring a Child,F,E,Misc,F,
'220.05,NA,NA,NA,Misc,F,
'10-131(E),Tear gas; sale or possession of ,NA,NA,Weapons,F,
'470.20,Money laundering in the first degree,F,B,Misc,F,
'240.70,Criminal interference with health care services or religious worship in second degree,M,A,Misc,F,
'240.05,Riot in the second degree,M,A ,Misc,F,
'240.37,Loitering for the purpose of engaging in a prostiution offense,M,A,Sex Offense,F,
'110-460.20,Enterprise corruption,F,C,Misc,T,
'225.10,Promoting gambling in the first degree,F,E,Misc,F,
'485.05,Hate Crime,NA,NA,Misc,F,
'110-170.15,Forgery in the first degree,F,D,Misc,T,
'1192.4A,Driving while ability impaired by drugs,NA,NA,Vehicle,F,
'140.25SM,Burglary in the second degree,F,C,Property,F,
'110-265.09,Criminal use of a firearm in the first degree,F,C,Weapons,T,
'165.72,Trademark counterfeiting in the second degree,F,E,Misc,F,
'170.45,Criminal simulation,M,A,Misc,F,
'110-265.04,Criminal sale of a dangerous weapon in the first degree,F,C,Weapons,T,
'110-220.31,Criminal sale of a controlled substance in the fifth degree,F,E,Narcotics,T,
'200.04,Bribery in the first degree,F,B,Misc,F,
'210.45,Making a punishable false written statement,M,A,Misc,F,
'VTL 1192.4A,Driving while ability impaired by drugs,NA,NA,Vehicle,F,
'110-170.30,Criminal possession of a forged instrument in the first degree,F,D,Misc,T,
'110-130.70,Aggravated sexual abuse in the first degree,F,C,Sex Offense,T,
'225.30,Possession of a gambling device,M,A,Misc,F,
'205.60,Hindering prosecution in the second degree,F,E,Misc,F,
'VTL 1220B,Unlawful solicitation of ground transportation services at an airport.,M,B,Misc,F,
'110-155.42,Grand larceny in the first degree,F,C,Property,T,
'250.60,Dissemination of an unlawful surveillance image in the first degree,F,E,Misc,F,
'177.25,Health care fraud in the first degree,F,B,Misc,F,
'165.30,Fraudlent accosting,M,A,Misc,F,
'140.25H,Burglary in the second degree,F,C,Property,F,
'230,Prostitution,M,B,Sex Offense,F,
'110-210.15,Perjury in the first degree,M,A,Misc,T,
'240.73,Aggravated interference with health care services in the first degree,F,C,Misc,F,
'110-105.13,Conspiracy in the third degree,F,E,Misc,T,
'110-220.34,Criminal sale of a controlled substance in the fourth degree,F,D,Narcotics,T,
'470.15,Money laundering in the second degree,F,C,Misc,F,
'VOCD,NA,NA,NA,Misc,F,
'509,NA,NA,NA,Misc,F,
'110-230.30,Promoting prostitution in the second degree,F,D,Sex Offense,T,
'235.22,Disseminating indecent material to minors in the first degree,F,D,Sex Offense,F,
'VTL 1192.3C,Driving while intoxicated,NA,NA,Vehicle,F,
'220.71,Criminal possession of methamphetamine manufacturing material in first degree,F,E,Narcotics,F,
'176.20,Insurance fraud in the third degree,F,D,Misc,F,
'110-200.00,Bribery in the third degree,F,E,Misc,T,
'170.70,Illegal possession of a vehicle identification number ,F,E,Vehicle,F,
'110-165.05,Unauthorized use of a vehicle in the third degree,M,B,Misc,T,
'110-230.20,Promoting prostitution in the fourth degree,M,B,Sex Offense,T,
'490.37,Criminal possession of a chemical weapon or biological weapon in the third degree,F,C,Weapons,F,
'115.05,Criminal facilitation in the second degree,F,C,Misc,F,
'VTL 375, adequate equiptment in cars,NA,NA,Vehicle,F,
'110-190.79,Identity theft in the second degree,M,A,Misc,T,
'VTL 1227,Consumption or Possession of Alcoholic Beverages in Certain Motor Vehicles,NA,NA,Vehicle,F,
'190.40,Criminal usury in the second degree,F,E,Misc,F,
'270.05,Unlawfully possessing or selling noxious material,M,B,Weapons,F,
'190.85,Unlawful possession of a skimmer device in the second degree,M,A,Misc,F,
'VTL 1192M,NA,NA,NA,Vehicle,F,
'110-170.40,Criminal possession of forgery devices,F,E,Misc,T,
'VTL 888.88,NA,NA,NA,Vehicle,F,
'600(1)(A),Leaving Scene of an Incident Without Reporting- Property Damage,NA,NA,Vehicle,F,
'110-260.10,Endangering the welfare of a child,M,B,Misc,T,
'VTL 1192I,NA,NA,NA,Vehicle,F,
'110-270.25,Unlawful fleeing a police officer in a motor vehicle in the third,M,B,Misc,T,
'110-220.03,Criminal possession of a controlled substance in the seventh degree,M,B,Misc,T,
'VTL 1111,Traffic-control Signal Indications,NA,NA,Vehicle,F,
'110-130.66,Aggravated sexual abuse in the third degree,F,D,Sex Offense,T,
'187.25,Residential mortgage fraud in the first degree,F,B,Misc,F,
'215.16,Intimidating a victim or witness in the second degree,F,D,Misc,F,
'221.45,Criminal sale of marihuana in the third degree,F,E,Narcotics,F,
'INS,NA,NA,NA,Misc,F,
'176.25,Insurance fraud in the second degree,F,C,Misc,F,
'110-125.15,Manslaughter in the second degree,F,D,Violent,T,
'110-190.80A,Aggravated identity theft,F,E,Misc,T,
'110-120.14,Meancing in the second degree,M,B,Misc,T,
'110-105.15,Conspiracy in the second degree,F,C,Misc,T,
'PHL 000.00,NA,NA,NA,Public Health,F,
'190.60,Scheme to defraud in the second degree,M,A,Misc,F,
'135.60,Coercion in the third degree,M,A,Misc,F,
'PHL 999.99,NA,NA,NA,Public Health,F,
'110-220.18,Criminal possession of a controlled substance in the second degree,F,B,Narcotics,T,
'110-165.52,Criminal possession of stolen property in the second degree,F,D,Property,T,
'GBL 777.77,NA,NA,NA,General Business,F,
'PHL 666.66,NA,NA,NA,Public Health,F,
'110-135.65,Coercion in the first degree,F,E,Misc,T,
'250.45(2),surreptitious surveillanc for sexual gratification,F,E,Sex Offense,F,
'1192.1,Driving while ability impaired,NA,NA,Vehicle,F,
'VTL 1120,Drive on Right Side of Roadway,NA,NA,Vehicle,F,
'110-130.55,Sexual abuse in the third degree,M,B,Sex Offense,T,
'110-205.30,Resisting arrest,M,B,Misc,T,
'240.35,Loitering ,V,NA,Misc,F,
'110-215.15,Intimidating a victim or witness in the third degree,M,A,Misc,T,
'230.06,Patronizing a person for prostitution in the first degree,F,D,Sex Offense,F,
'10-133(C),Open carry of a knife ,V,NA,Weapons,F,
'205.16,Absconding from temporary release in the second degree,M,A,Misc,F,
'120.04-A,Aggravated vehicular assault,F,C,Vehicle,F,
'110-165.40,Criminal possession of stolen property in the fifth degree,M,B,Property,T,
'250.50,Unlawful surveillance in the first degree,F,D,Misc,F,
'1192.2,Driving while intoxicated,NA,NA,Vehicle,F,
'110-140.15,Criminal trespass in the second degree,M,B,Misc,T,
'245.01,Exposure of a person,V,NA,Sex Offense,F,
'VTL 1192E,NA,NA,NA,Vehicle,F,
'215.25,Tampering with a juror in the first degree,M,A,Misc,F,
'1192(6),NA,NA,NA,Vehicle,F,
'VTL 1220,Throwing Refuse,V,NA,Misc,F,
'GBL 999.99,NA,NA,NA,General Business,F,
'178.10,Criminal diversion of prescription medications and prescriptions in the fourth degree,M,A,Narcotics,F,
'110-10-131(G1),Making a toy firearm look real,V,NA,Weapons,T,
'110-105.17,Conspiracy in the first degree,F,B,Misc,T,
'VTL 1128,Driving on Roadways Laned for Traffic,V,NA,Misc,F,
'110-205.25,Promoting prison contraband in the first degree,F,E,Misc,T,
'353-C,Electrocution of Fur-bearing Animals Prohibited,M,A,Misc,F,
'110-221.40,Criminal sale of marihuana in the fourth degree,M,B,Misc,T,
'240.45,Criminal nuisance in the second degree,M,B,Misc,F,
'110-130.35H,Rape in the first degree,F,C,Sex Offense,T,
'100.05,Criminal solicitation in the fourth degree,M,A,Misc,F,
'110-170.20,Criminal possession of a forged instrument in third degree,M,B,Misc,T,
'110-220.77,Operating asa Major Trafficker,F,B,Misc,T,
'110-105.05,Conspiracy in the fifth degree,M,B,Misc,T,
'110-490.20,Making a terroristic threat,F,E,Misc,T,
'260.32,"Endangering the welfare of a vulnerable elderly person, or an incompetent or physically disabled person in the second degree",F,E,Misc,F,
'110-130.52,Forcible touching ,M,A,Sex Offense,T,
'120.14H,Menacing in the second degree,M,A,Misc,F,
'177.20,Health care fraud in the second degree,F,C,Misc,F,
'221.55,Criminal sale of marihuana in the first degree,F,C,Narcotics,F,
'180.03,Commercial bribing in the first degree,F,E,Misc,F,
'255.27,Incest in the first degree,F,B,Sex Offense,F,
'240.08,Inciting to riot,M,A,Misc,F,
'195.16,Obstructing emergency medical services,M,A,Misc,F,
'240.15,Criminal anarchy,F,E,Misc,F,
'176.15,Insurance fraud in the fourth degree,F,E,Misc,F,
'110-265.06,Unlawful possession of a weapon upon school grounds,V,NA,Weapons,T,
'110-160.15SM,Robbery in the first degree,F,B,Property,T,
'110-145.20,Criminal tampering in the first degree,F,E,Misc,T,
'110-120.45,Stalking in the fourth degree,M,B,Misc,T,
'135.35,Labor Trafficking,F,NA,Misc,F,
'275.34,Unauthorized operation of a recording device in a motion picture or live theater in the first degree,F,E,Misc,F,
'145.14,Criminal tampering in the third degree,M,B,Misc,F,
'110-165.10,Auto stripping in the second degree,M,A,Misc,T,
'210.05,Perjury in the third degree,M,A,Misc,F,
'177.15,Health care fraud in the third degree,F,D,Misc,F,
'145.25,Reckless endangerment of property,M,B,Property,F,
'110-230.25,Promoting prostitution in the third degree,F,E,Sex Offense,T,
'110-205.10,Escape in the second degree,M,A,Misc,T,
'225.20,Possession of gambling records in the first degree,F,E,Misc,F,
'200.10,Bribe receiving in the third degree,F,D,Misc,F,
'130.66,Aggravated sexual abuse in the third degree,F,D,Sex Offense,F,
'110-195.05,Obstructing governmental administration in the second degree,M,B,Misc,T,
'110-135.35,D,F,E,Misc,T,
'110-120.15,Menacing in the third degree,M,B,Misc,T,
'110-130.60,Sexual abuse in the second degree,M,B,Sex Offense,T,
'265.06,Unlawful possession of a weapon upon school grounds,V,NA,Weapons,F,
'110-265.14,Criminal sale of a firearm with the aid of a minor,F,D,Weapons,T,
'110-165.11,Auto stripping in the first degree,F,E,Misc,T,
'105,Conspiracy in the sixth degree,M,B,Misc,F,
'110-125.55,Self-abortion in the first degree,M,B,Misc,T,
'10-131(I)(4),Cannot own ammunition of a different caliber weapon,M,NA,Weapons,F,
'VTL 1192.2C,NA,NA,NA,Vehicle,F,
'VTL 397,Ilegal useo of police scanner,NA,NA,Vehicle,F,
'250.30,Unlawfully obtaining communications information,M,A,Misc,F,
'110-230.32,Promoting prostituton in the first degree,F,B,Sex Offense,T,
'158.10,Welfare fraud in the fourth degree,F,E,Misc,F,
'110-215.51,Criminal contempt in the first degree,M,A,Misc,T,
'VTL 1229,Not wearing a seat belt,NA,NA,Vehicle,F,
'145.65,Possession of graffiti instruments,M,B,Misc,F,
'270.30,Unlawful fleeing a police officer in a motor vehicle in the second ,F,E,Misc,F,
'221.50,Criminal sale of marihuana in the second degree ,F,D,Narcotics,F,
'110-245.00,Public Lewdness,M,B,Misc,T,
'158.15,Welfare fraud in the third degree,F,D,Misc,F,
'110-221.20,Criminal possession of marihuana in the third degree,M,A,Narcotics,T,
'187.20,Residential Mortgage Fraud in the Second Degree,F,C,Misc,F,
'110-120.70,Luring a child,M,A,Misc,T,
'110-215.13,Tampering with a witness in the first degree,F,C,Misc,T,
'110-170.70,Illegal possession of a vehicle identification number,M,A,Vehicle,T,
'VTL 600Z,NA,NA,NA,Vehicle,F,
'110-165.09,Auto stripping in the third degree,M,B,Property,T,
'VTL 512,NA,NA,NA,Vehicle,F,
'155.40H,Grand larceny in the second degree,F,C,Property,F,
'165,Misapplication of property,M,A,Property,F,
'110-221.25,Criminal possession of marihuana in the second degree,F,E,Narcotics,T,
'245.11,Public display of offensive sexual material,M,A,Sex Offense,F,
'190.20,False Advertising,M,A,Misc,F,
'220.48,Criminal sale of a controlled substance to a child,F,B,Narcotics,F,
'250.55,Dissemination of an unlawful surveillance image in the second degree,M,A,Misc,F,
'221.35,Criminal sale of marihuana in the fifth degree,M,B,Narcotics,F,
'VTL 1192.4C,NA,NA,NA,Vehicle,F,
'245.02,Promoting the exposure of a person,V,NA,Sex Offense,F,
'175.05,Falsifying business records in the second degree,M,A,Misc,F,
'110-265.10,"Manufacture, transport, disposition and defacement of weapons and dangerous instruments and appliances ",NA,NA,Weapons,T,
'110-125.10,Criminally negligent homicide,M,A,Violent,T,
'170.55,Unlawfully using slugs in the second degree,M,B,Misc,F,
'240.71,Criminal interference with health care services or religious worship in first degree,M,A ,Misc,F,
'110-145.05,Criminal mischief in the third degree,M,A,Misc,T,
'110-130.80,Course of sexual conduct against a child in the second degree,F,E,Sex Offense,T,
'125.20H,Manslaughter in the first degree,F,B,Violent,F,
'250.20,Divulging an eavesdropping warrant,M,A,Misc,F,
'401,NA,NA,NA,Misc,F,
'125.4,Abortion in the second degree,F,E,Misc,F,
'T-PAR,NA,NA,NA,Misc,F,
'110-120.16,Hazing in the first degree,M,B ,Misc,T,
'156.20,Computer tampering in the fourth degree,M,A,Misc,F,
'145.12,Criminal mischief in the first degree,F,B ,Misc,F,
'110-135.10H,Unlawful imprisonment in the first degree,F,E,Misc,T,
'110-205.20,Promoting prison contraband in the second degree,M,B,Misc,T,
'110-120.18,Menacing a police officer or peace officer,F,E,Misc,T,
'110-150.20,Arson in the first degree,F,B,Misc,T,
'260.05,Non-support of a child in the second degree,M,A,Misc,F,
'220.60,Criminal possession of precursors of controlled substances,F,E,Narcotics,F,
'190.42,Criminal usury in the first degree,F,C,Misc,F,
'VTL 600B,NA,NA,NA,Vehicle,F,
'190.83,Unlawful possession of personal indentification information in the first degree,F,D,Misc,F,
'200.30,Giving unlawful gratutities,M,A,Misc,F,
'195.12,Harming an animal trained to aid a person with a disability in the first degree,M,A,Misc,F,
'110-221.45,Criminal sale of a marihuana in the third degree,M,A,Narcotics,T,
'110-240.32,Aggravated harassment of an employee by an inmate,M,A,Misc,T,
'230.30SM,Promoting prostitution in the second degree,F,C,Misc,F,
'170.75,Fraudulent making of an electronic access device in the second degree,F,D,Misc,F,
'160.10H,Robbery in the second degree,F,C,Property,F,
'255.10,Unlawfully procuring a marriage license,M,A,Misc,F,
'156.25,Computer tampering in the third degree,F,E,Misc,F,
'110-140.10,criminal trespass in the third degree,M,B,Misc,T,
'265.01A,Criminal possession of a weapon on school grounds,F,E,Weapons,F,
'156.27,Computer tampering in the first degree,F,C,Misc,F,
'509(2),NA,NA,NA,Misc,F,
'110-215.11,tampering with a witness in the third degree,M,A,Misc,T,
'110-263.15,promotion of a sexual performance by a child,F,E,Sex Offense,T,
'240.72,Aggravated interference with health care services in the second degree,F,E,Misc,F,
'160.15SM,Robbery in the first degree,F,B,Property,F,
'110-235.21,Disseminating indecent material to minors in the second degree,F,E,Sex Offense,T,
'VTL 1192V,NA,NA,NA,Vehicle,F,
'1180(A),Speeding ,NA,NA,Vehicle,F,
'426,NA,NA,NA,Misc,F,
'260.20,Unlawfully dealing with a child in the first degree,M,A ,Misc,F,
'VTL 600M,Leaving  scene  of  an  incident without reporting,NA,NA,Vehicle,F,
'110-145.10,Criminal Mischief in the Second Degree,F,E ,Misc,T,
'VTL 1192.1B,NA,NA,NA,Vehicle,F,
'110-125.45,Abortion in the first degree,F,E,Misc,T,
'158.50,Criminal possession of a public benefits card in the first degree,F,C,Property,F,
'110-490.40,Criminal possession of a chemical weapon or biological weapon in the second degree,F,B,Weapons,T,
'200.25,receiving reward for official misconduct in the second degree,F,E,Misc,F,
'1192.1B,NA,NA,NA,Vehicle,F,
'110-165.15,Theft of services,M,B,Misc,T,
'165.17,"Unlawful use of a credit card, debit card, or public benefit card",M,A,Property,F,
'VTL 319A,NA,NA,NA,Vehicle,F,
'509(7),NA,NA,NA,Misc,F,
'145.45,Tampering with a consumer product in the first degree,F,E,Property,F,
'120.35,Promoting a suicide attempt,NA,NA,Misc,F,
'240.36,Loitering in the first degree,M,B,Misc,F,
'240.06,Riot in the first degree,F,E,Misc,F,
'235.21,Disseminating indecent material to minors in the second degree,F,E,Sex Offense,F,
'110-120.20,Reckless endangerment in the second degree,M,B,Misc,T,
'1220,Literring,V,NA,Misc,F,
'ABC 999.99,NA,NA,NA,Misc,F,
'205.19,Absconding from a community treatmet facility,F,E,Misc,F,
'110-135.60,Coercion in the third degree,M,B,Misc,T,
'110-140.35,Possession of burgalr's tools,M,B,Misc,T,
'105.10H,Conspiracy in the fourth degree,F,E,Misc,F,
'110-176.20,Insurance Fraud in the third degree,F,E,Misc,T,
'260.34,Endangering the welfare of a vulnerable eldery person or an incompetent or physicaly disabled person in the first degree,F,D,Misc,F,
'110-135.05,Unlawful impisonment in the second degree,M,B,Misc,T,
'110-205.05,Escape in the third degree,M,B,Misc,T,
'190.50,Unlawful collection practices,M,B,Misc,F,
'156.05,Unauthorized use of a computer,M,A,Misc,F,
'110-215.56,Bail Jumping in the Second Degree,M,A,Misc,T,
'120.00,Assault in the third degree,M,A,Violent,F,
'145.00,Criminal mischief in the fourth degree,M,A,Misc,F,
'115.00,Criminal facilitation in the fourth degree,M,A,Misc,F,
'245.00,Public lewdness,M,B,Misc,F,
'230.00,Prostitution,M,B,Misc,F,
'200.00,Bribery in the third degree,F,D,Misc,F,
'1192.3,NA,NA,NA,Vehicle,F,
'509.00,NA,NA,NA,Misc,F,
'260.00,Abandonment of a child,F,E,Misc,F,
'410.4,NA,NA,NA,Misc,F,